A framework for AI-based self-adaptive cyber-physical process systems,"Guldner, Achim",Achim,male,0.9999018238288356,True
A framework for AI-based self-adaptive cyber-physical process systems,"Hoffmann, Maximilian",Maximilian,male,0.9998238213451786,True
A framework for AI-based self-adaptive cyber-physical process systems,"Lohr, Christian",Christian,male,0.9993892784078892,True
A framework for AI-based self-adaptive cyber-physical process systems,"MacHhamer, Rüdiger",Rüdiger,male,0.9990950014728264,True
A framework for AI-based self-adaptive cyber-physical process systems,"Malburg, Lukas",Lukas,male,0.9999848058845193,True
A framework for AI-based self-adaptive cyber-physical process systems,"Morgen, Marlies",Marlies,female,0.9998975905544585,True
A framework for AI-based self-adaptive cyber-physical process systems,"Rodermund, Stephanie C.",Stephanie,female,0.9999579843236666,True
A framework for AI-based self-adaptive cyber-physical process systems,"Schäfer, Florian",Florian,male,0.9999665045995659,True
A framework for AI-based self-adaptive cyber-physical process systems,"Schaupeter, Lars",Lars,male,0.9998276630707326,True
A framework for AI-based self-adaptive cyber-physical process systems,"Schneider, Jens",Jens,male,0.999971886527439,True
A framework for AI-based self-adaptive cyber-physical process systems,"Theusch, Felix",Felix,male,0.999882033592374,True
A framework for AI-based self-adaptive cyber-physical process systems,"Bergmann, Ralph",Ralph,male,0.9997605015413181,True
A framework for AI-based self-adaptive cyber-physical process systems,"Dartmann, Guido",Guido,male,0.999905551240006,True
A framework for AI-based self-adaptive cyber-physical process systems,"Kuhn, Norbert",Norbert,male,0.9997332944573782,True
A framework for AI-based self-adaptive cyber-physical process systems,"Naumann, Stefan",Stefan,male,0.9999828177008523,True
A framework for AI-based self-adaptive cyber-physical process systems,"Timm, Ingo J.",Ingo,male,0.999931761435243,True
A framework for AI-based self-adaptive cyber-physical process systems,"Vette-Steinkamp, Matthias",Matthias,male,0.9999324427296798,True
A framework for AI-based self-adaptive cyber-physical process systems,"Weyers, Benjamin",Benjamin,male,0.9999526772956454,True
Examining and Comparing the Critical Success Factors Between Business Process Management and Business Process Automation,"Aysolmaz, Banu",Banu,female,0.9985703440438994,True
Examining and Comparing the Critical Success Factors Between Business Process Management and Business Process Automation,"Joshi, Anant",Anant,male,0.9994210919404803,True
Examining and Comparing the Critical Success Factors Between Business Process Management and Business Process Automation,"Stubhan, Maximilian",Maximilian,male,0.9998238213451786,True
Process Discovery and Refinement of an Enterprise Management System,"Khan, Faizan Ahmed",Faizan,male,0.9999103301719316,True
Process Discovery and Refinement of an Enterprise Management System,"Ahmad, Farooq",Farooq,male,0.9999762682526958,True
Process Discovery and Refinement of an Enterprise Management System,"Khan, Arfat Ahmad",Arfat,male,0.9835285959722296,True
Process Discovery and Refinement of an Enterprise Management System,"Wechtaisong, Chitapong",Chitapong,unknown,0.523948155249651,False
The affordances of digital technologies for business processes integration,"Marcinkevicius, Gediminas",Gediminas,male,0.9976497980038203,True
The affordances of digital technologies for business processes integration,"Vilkas, Mantas",Mantas,male,0.999955991075224,True
Using process mining for workarounds analysis in context: Learning from a small and medium-sized company case,"Wijnhoven, Fons",Fons,male,0.9984200818779193,True
Using process mining for workarounds analysis in context: Learning from a small and medium-sized company case,"Hoffmann, Petra",Petra,female,0.9999890103110674,True
Using process mining for workarounds analysis in context: Learning from a small and medium-sized company case,"Bemthuis, Rob",Rob,male,0.9999922862201587,True
Using process mining for workarounds analysis in context: Learning from a small and medium-sized company case,"Boksebeld, Jurian",Jurian,male,0.9996803894736924,True
Applying MAPE-K control loops for adaptive workflow management in smart factories,"Malburg, Lukas",Lukas,male,0.9999848058845193,True
Applying MAPE-K control loops for adaptive workflow management in smart factories,"Hoffmann, Maximilian",Maximilian,male,0.9998238213451786,True
Applying MAPE-K control loops for adaptive workflow management in smart factories,"Bergmann, Ralph",Ralph,male,0.9997605015413181,True
Predictive Approach To The Degree Of Business Process Change,"Cherif, Chahira",Chahira,female,0.999458314491791,True
Predictive Approach To The Degree Of Business Process Change,"Abdi, Mustapha Kamel",Mustapha,male,0.998603349675528,True
Predictive Approach To The Degree Of Business Process Change,"Ahmad, Adeel",Adeel,male,0.9999668673643447,True
Predictive Approach To The Degree Of Business Process Change,"Maiza, Mohammed",Mohammed,male,0.99999732840862,True
Digital Twins of Organizations: A Socio-Technical View on Challenges and Opportunities for Future Research,"Wurm, Bastian",Bastian,male,0.9999364945809162,True
Digital Twins of Organizations: A Socio-Technical View on Challenges and Opportunities for Future Research,"Becker, Markus",Markus,male,0.9999735872978276,True
Digital Twins of Organizations: A Socio-Technical View on Challenges and Opportunities for Future Research,"Pentland, Brian T.",Brian,male,0.999980533484253,True
Digital Twins of Organizations: A Socio-Technical View on Challenges and Opportunities for Future Research,"Lyytinen, Kalle",Kalle,female,0.9275065085304876,True
Digital Twins of Organizations: A Socio-Technical View on Challenges and Opportunities for Future Research,"Weber, Barbara",Barbara,female,0.999979214602181,True
Digital Twins of Organizations: A Socio-Technical View on Challenges and Opportunities for Future Research,"Grisold, Thomas",Thomas,male,0.9999980703972479,True
Digital Twins of Organizations: A Socio-Technical View on Challenges and Opportunities for Future Research,"Mendling, Jan",Jan,unknown,0.5504849119650672,False
Digital Twins of Organizations: A Socio-Technical View on Challenges and Opportunities for Future Research,"Kremser, Waldemar",Waldemar,male,0.9999820220385555,True
Investigation of Microservice-Based Workflow Management Solutions for Industrial Automation,"Represa, Jaime Garcia",Jaime,male,0.8905736761864349,True
Investigation of Microservice-Based Workflow Management Solutions for Industrial Automation,"Larrinaga, Felix",Felix,male,0.999882033592374,True
Investigation of Microservice-Based Workflow Management Solutions for Industrial Automation,"Varga, Pal",Pal,male,0.9958009090437488,True
Investigation of Microservice-Based Workflow Management Solutions for Industrial Automation,"Ochoa, William",William,male,0.999948625742716,True
Investigation of Microservice-Based Workflow Management Solutions for Industrial Automation,"Perez, Alain",Alain,male,0.9997491429562068,True
Investigation of Microservice-Based Workflow Management Solutions for Industrial Automation,"Kozma, Dániel",Dániel,male,0.99573197978853,True
Investigation of Microservice-Based Workflow Management Solutions for Industrial Automation,"Delsing, Jerker",Jerker,male,0.9995903511247451,True
Decentralized Lean Business Model Canvas for Blockchain-Based Enterprises,"Sivakumar, Eashwar",Eashwar,male,0.999607696335895,True
Decentralized Lean Business Model Canvas for Blockchain-Based Enterprises,"Chawla, Paras",Paras,male,0.9990902240172946,True
An assisted approach to business process redesign,"Fehrer, Tobias",Tobias,male,0.9999750404525007,True
An assisted approach to business process redesign,"Fischer, Dominik A.",Dominik,male,0.9999326420096813,True
An assisted approach to business process redesign,"Leemans, Sander J.J.",Sander,male,0.9998329780599414,True
An assisted approach to business process redesign,"Röglinger, Maximilian",Maximilian,male,0.9998238213451786,True
An assisted approach to business process redesign,"Wynn, Moe T.",Moe,male,0.9940126776092406,True
Analytical Evaluation of SOA and SCRUM Business Process Management Approaches for IoT-Based Services Development,"Alshammari, Fahad H.",Fahad,male,0.9999952686641416,True
Software development processes in ocean system modeling,"Jung, Reiner",Reiner,male,0.9999410575163755,True
Software development processes in ocean system modeling,"Gundlach, Sven",Sven,male,0.9999829597136491,True
Software development processes in ocean system modeling,"Hasselbring, Wilhelm",Wilhelm,male,0.9998430125896423,True
Multi-task prediction method of business process based on BERT and Transfer Learning,"Chen, Hang",Hang,female,0.9801951556576513,True
Multi-task prediction method of business process based on BERT and Transfer Learning,"Fang, Xianwen",Xianwen,male,0.9470768352005097,True
Multi-task prediction method of business process based on BERT and Transfer Learning,"Fang, Huan",Huan,male,0.9833980742948882,True
Cybernetic governance of the Peruvian State: a proposal,"Rodriguez-Ulloa, Ricardo",Ricardo,male,0.99996029299145,True
On Modelling Process Aspects With Deontic Event-Calculus,"Hashmi, Mustafa",Mustafa,male,0.9989517290145173,True
Predicting remaining execution time of business process instances via auto-encoded transition system,"Ni, Weijian",Weijian,male,0.9908926426876214,True
Predicting remaining execution time of business process instances via auto-encoded transition system,"Yan, Ming",Ming,unknown,0.5866865921981015,False
Predicting remaining execution time of business process instances via auto-encoded transition system,"Liu, Tong",Tong,male,0.9861388834780277,True
Predicting remaining execution time of business process instances via auto-encoded transition system,"Zeng, Qingtian",Qingtian,male,0.978532770620606,True
A constraint programming model for making recommendations in personal process management: A design science research approach,"Oruç, Sercan",Sercan,male,0.986183527335356,True
A constraint programming model for making recommendations in personal process management: A design science research approach,"Eren, P. Erhan",P.,unknown,0.5472715389602781,False
A constraint programming model for making recommendations in personal process management: A design science research approach,"Koçyiğit, Altan",Altan,male,0.9996338105030292,True
Integrating Big Data Analytics into Business Process Modelling: Possible Contributions and Challenges,"AL-MAdhrahi, Zaeem",Zaeem,male,0.9998404212740823,True
Integrating Big Data Analytics into Business Process Modelling: Possible Contributions and Challenges,"Singh, Dalbir",Dalbir,male,0.9825429198158775,True
Integrating Big Data Analytics into Business Process Modelling: Possible Contributions and Challenges,"Yadegaridehkordi, Elaheh",Elaheh,female,0.9998701864626109,True
Visibility Matrix: Efficient User Interface Modelling for Low-Code Development Platforms,"Waszkowski, Robert",Robert,male,0.9999772392215521,True
Visibility Matrix: Efficient User Interface Modelling for Low-Code Development Platforms,"Bocewicz, Grzegorz",Grzegorz,male,0.9998641275902351,True
A Semi-Auto Text Mining Approach for Literature Review: An Example From IT for Entrepreneurship,"Harb, Yousra",Yousra,female,0.9999805892273861,True
A Semi-Auto Text Mining Approach for Literature Review: An Example From IT for Entrepreneurship,"Shang, Yanyan",Yanyan,female,0.9987001967851369,True
Process model abstraction for rapid comprehension of complex business processes,"Tsagkani, Christina",Christina,female,0.9999986803241608,True
Process model abstraction for rapid comprehension of complex business processes,"Tsalgatidou, Aphrodite",Aphrodite,female,0.9999773395944345,True
Business process nature assessment matrix – a novel approach to the assessment of business process nature,"Berniak-Woźny, Justyna",Justyna,female,0.9999929808607716,True
Business process nature assessment matrix – a novel approach to the assessment of business process nature,"Szelągowski, Marek",Marek,male,0.9999473041613848,True
Context Modeling for the Adaption of Mobile Business Processes – An Empirical Usability Evaluation,"Dörndorfer, Julian",Julian,male,0.9999128116879805,True
Context Modeling for the Adaption of Mobile Business Processes – An Empirical Usability Evaluation,"Seel, Christian",Christian,male,0.9993892784078892,True
How to improve the assessment of BPM maturity in the era of digital transformation,"Szelągowski, Marek",Marek,male,0.9999473041613848,True
How to improve the assessment of BPM maturity in the era of digital transformation,"Berniak-Woźny, Justyna",Justyna,female,0.9999929808607716,True
Managing Process Dynamics in a Digital World: Integrating Business Process Management and Routine Dynamics in IS Curricula,"Grisold, Thomas",Thomas,male,0.9999980703972479,True
Managing Process Dynamics in a Digital World: Integrating Business Process Management and Routine Dynamics in IS Curricula,"Wurm, Bastian",Bastian,male,0.9999364945809162,True
Managing Process Dynamics in a Digital World: Integrating Business Process Management and Routine Dynamics in IS Curricula,"Brocke, Jan Vom",Jan,unknown,0.5504849119650672,False
Managing Process Dynamics in a Digital World: Integrating Business Process Management and Routine Dynamics in IS Curricula,"Kremser, Waldemar",Waldemar,male,0.9999820220385555,True
Managing Process Dynamics in a Digital World: Integrating Business Process Management and Routine Dynamics in IS Curricula,"Mendling, Jan",Jan,unknown,0.5504849119650672,False
Managing Process Dynamics in a Digital World: Integrating Business Process Management and Routine Dynamics in IS Curricula,"Recker, Jan",Jan,unknown,0.5504849119650672,False
Self-adaptive business processes: a hybrid approach for the resolution of adaptation needs,"Oukharijane, Jamila",Jamila,female,0.99999375216434,True
Self-adaptive business processes: a hybrid approach for the resolution of adaptation needs,"Chaabâne, Mohamed Amine",Mohamed,male,0.9999971268152898,True
Self-adaptive business processes: a hybrid approach for the resolution of adaptation needs,"Ben Said, Imen",Imen,female,0.974283695293582,True
Self-adaptive business processes: a hybrid approach for the resolution of adaptation needs,"Andonoff, Eric",Eric,male,0.9999798907567824,True
Self-adaptive business processes: a hybrid approach for the resolution of adaptation needs,"Bouaziz, Rafik",Rafik,male,0.9999192281385887,True
Process View to Innovate the Management of the Social Housing System: A Multiple Case Study,"Mangialardi, Giovanna",Giovanna,female,0.9999950014819379,True
Process View to Innovate the Management of the Social Housing System: A Multiple Case Study,"Corallo, Angelo",Angelo,male,0.999853118946569,True
Process View to Innovate the Management of the Social Housing System: A Multiple Case Study,"Lazoi, Mariangela",Mariangela,female,0.9999987265027869,True
Process View to Innovate the Management of the Social Housing System: A Multiple Case Study,"Scozzi, Barbara",Barbara,female,0.999979214602181,True
Super-process interoperability optimization architecture in healthcare ultra-large-scale systems: A graph-based multi-objective approach,"Shirazi, Babak",Babak,male,0.9999877502441102,True
Model-based Analysis of Data Inaccuracy Awareness in Business Processes,"Evron, Yotam",Yotam,male,0.9999473077413905,True
Model-based Analysis of Data Inaccuracy Awareness in Business Processes,"Soffer, Pnina",Pnina,female,0.9999980394229345,True
Model-based Analysis of Data Inaccuracy Awareness in Business Processes,"Zamansky, Anna",Anna,female,0.9999976672321713,True
A Deep Learning Approach for Repairing Missing Activity Labels in Event Logs for Process Mining,"Lu, Yang",Yang,unknown,0.6608034619216988,False
A Deep Learning Approach for Repairing Missing Activity Labels in Event Logs for Process Mining,"Chen, Qifan",Qifan,male,0.979110400650062,True
A Deep Learning Approach for Repairing Missing Activity Labels in Event Logs for Process Mining,"Poon, Simon K.",Simon,male,0.9999850253450189,True
Detecting temporal workarounds in business processes–A deep-learning-based method for analysing event log data,"Weinzierl, Sven",Sven,male,0.9999829597136491,True
Detecting temporal workarounds in business processes–A deep-learning-based method for analysing event log data,"Wolf, Verena",Verena,female,0.999996786682216,True
Detecting temporal workarounds in business processes–A deep-learning-based method for analysing event log data,"Pauli, Tobias",Tobias,male,0.9999750404525007,True
Detecting temporal workarounds in business processes–A deep-learning-based method for analysing event log data,"Beverungen, Daniel",Daniel,male,0.9999477112991627,True
Detecting temporal workarounds in business processes–A deep-learning-based method for analysing event log data,"Matzner, Martin",Martin,male,0.9998514134792954,True
How Can Interactive Process Discovery Address Data Quality Issues in Real Business Settings? Evidence from a Case Study in Healthcare,"Benevento, Elisabetta",Elisabetta,female,0.9999981306903675,True
How Can Interactive Process Discovery Address Data Quality Issues in Real Business Settings? Evidence from a Case Study in Healthcare,"Aloini, Davide",Davide,male,0.9995122693716512,True
How Can Interactive Process Discovery Address Data Quality Issues in Real Business Settings? Evidence from a Case Study in Healthcare,"van der Aalst, Wil M.P.",Wil,male,0.9988491702309068,True
A Business Process Reference Model for the Development of a Wine Traceability System,"Gayialis, Sotiris P.",Sotiris,male,0.9998136390076009,True
A Business Process Reference Model for the Development of a Wine Traceability System,"Kechagias, Evripidis P.",Evripidis,male,0.9935954970501202,True
A Business Process Reference Model for the Development of a Wine Traceability System,"Papadopoulos, Georgios A.",Georgios,male,0.9999721163040117,True
A Business Process Reference Model for the Development of a Wine Traceability System,"Panayiotou, Nikolaos A.",Nikolaos,male,0.9999586731624346,True
Research Trends on Business Process Management in Higher Education and Recommendations for Vietnam,"Hoang, Anh",Anh,female,0.9818905453931638,True
Research Trends on Business Process Management in Higher Education and Recommendations for Vietnam,"Van Phan, Kha",Kha,male,0.9019396453740575,True
Research Trends on Business Process Management in Higher Education and Recommendations for Vietnam,"Solanki, Vijender Kumar",Vijender,male,0.9945954721266564,True
Performance Evaluation of Simple K -Mean and Parallel K -Mean Clustering Algorithms: Big Data Business Process Management Concept,"Zada, Islam",Islam,male,0.9945473784131746,True
Performance Evaluation of Simple K -Mean and Parallel K -Mean Clustering Algorithms: Big Data Business Process Management Concept,"Ali, Shaukat",Shaukat,male,0.9909957035167505,True
Performance Evaluation of Simple K -Mean and Parallel K -Mean Clustering Algorithms: Big Data Business Process Management Concept,"Khan, Inayat",Inayat,male,0.9815111246392091,True
Performance Evaluation of Simple K -Mean and Parallel K -Mean Clustering Algorithms: Big Data Business Process Management Concept,"Hadjouni, Myriam",Myriam,female,0.9999019396640695,True
Performance Evaluation of Simple K -Mean and Parallel K -Mean Clustering Algorithms: Big Data Business Process Management Concept,"Elmannai, Hela",Hela,female,0.9999710924330255,True
Performance Evaluation of Simple K -Mean and Parallel K -Mean Clustering Algorithms: Big Data Business Process Management Concept,"Zeeshan, Muhammad",Muhammad,male,0.9999971836173159,True
Performance Evaluation of Simple K -Mean and Parallel K -Mean Clustering Algorithms: Big Data Business Process Management Concept,"Serat, Ali Mohammad",Ali,male,0.988143397255068,True
Performance Evaluation of Simple K -Mean and Parallel K -Mean Clustering Algorithms: Big Data Business Process Management Concept,"Jameel, Abid",Abid,male,0.9999930830489452,True
Application of Modern Digital Systems and Approaches to Business Process Management,"Djordjevic, Marija Zahar",Marija,female,0.999998436915991,True
Application of Modern Digital Systems and Approaches to Business Process Management,"Djordjevic, Aleksandar",Aleksandar,male,0.999981406971485,True
Application of Modern Digital Systems and Approaches to Business Process Management,"Klochkova, Elena",Elena,female,0.9999927696536459,True
Application of Modern Digital Systems and Approaches to Business Process Management,"Misic, Milan",Milan,male,0.9915096207012155,True
On the adoption of blockchain for business process monitoring,"Di Ciccio, Claudio",Claudio,male,0.9999607633184376,True
On the adoption of blockchain for business process monitoring,"Meroni, Giovanni",Giovanni,male,0.999396045165578,True
On the adoption of blockchain for business process monitoring,"Plebani, Pierluigi",Pierluigi,male,0.9997616540531535,True
HAM-Net: Predictive Business Process Monitoring with a hierarchical attention mechanism,"Jalayer, Abdulrahman",Abdulrahman,male,0.9999984914629969,True
HAM-Net: Predictive Business Process Monitoring with a hierarchical attention mechanism,"Kahani, Mohsen",Mohsen,male,0.9999898944899944,True
HAM-Net: Predictive Business Process Monitoring with a hierarchical attention mechanism,"Pourmasoumi, Asef",Asef,male,0.9998201368750694,True
HAM-Net: Predictive Business Process Monitoring with a hierarchical attention mechanism,"Beheshti, Amin",Amin,male,0.999758654462319,True
BUSINESS PROCESS ANALYSIS AND SIMULATION: AN INDUSTRIAL APPLICATION,"Amantea, Ilaria Angela",Ilaria,female,0.999991246543736,True
BUSINESS PROCESS ANALYSIS AND SIMULATION: AN INDUSTRIAL APPLICATION,"Sulis, Emilio",Emilio,male,0.9998271675860951,True
BUSINESS PROCESS ANALYSIS AND SIMULATION: AN INDUSTRIAL APPLICATION,"Di Leva, Antonio",Antonio,male,0.9999422659285511,True
BUSINESS PROCESS ANALYSIS AND SIMULATION: AN INDUSTRIAL APPLICATION,"Majolo, Mattia",Mattia,male,0.942192941518234,True
BUSINESS PROCESS ANALYSIS AND SIMULATION: AN INDUSTRIAL APPLICATION,"Patti, Luca",Luca,male,0.994050482423027,True
BUSINESS PROCESS ANALYSIS AND SIMULATION: AN INDUSTRIAL APPLICATION,"Prinzis, Alessandro",Alessandro,male,0.9999636677574057,True
BUSINESS PROCESS ANALYSIS AND SIMULATION: AN INDUSTRIAL APPLICATION,"Rege, Paolo",Paolo,male,0.9999357526976299,True
On the Importance of Project Management Capabilities for Sustainable Business Process Management,"Plattfaut, Ralf",Ralf,male,0.9999738177966511,True
Software Defect Prediction and Analysis Using Enhanced Random Forest (extRF) Technique: A Business Process Management and Improvement Concept in IOT-Based Application Processing Environment,"Alshammari, Fahad H.",Fahad,male,0.9999952686641416,True
Shedding light on blind spots – Developing a reference architecture to leverage video data for process mining,"Kratsch, Wolfgang",Wolfgang,male,0.9998326674032032,True
Shedding light on blind spots – Developing a reference architecture to leverage video data for process mining,"König, Fabian",Fabian,male,0.99994536757258,True
Shedding light on blind spots – Developing a reference architecture to leverage video data for process mining,"Röglinger, Maximilian",Maximilian,male,0.9998238213451786,True
PGraphD*: Methods for Drift Detection and Localisation Using Deep Learning Modelling of Business Processes,"Hanga, Khadijah Muzzammil",Khadijah,female,0.999831027736775,True
PGraphD*: Methods for Drift Detection and Localisation Using Deep Learning Modelling of Business Processes,"Kovalchuk, Yevgeniya",Yevgeniya,female,0.9999947832771625,True
PGraphD*: Methods for Drift Detection and Localisation Using Deep Learning Modelling of Business Processes,"Gaber, Mohamed Medhat",Mohamed,male,0.9999971268152898,True
VIDE-LEO: A framework to measure business innovation success of SMEs,"Venkatesh, Ramamurthy",Ramamurthy,male,0.9935954680714294,True
VIDE-LEO: A framework to measure business innovation success of SMEs,"Singhal, Tarun Kumar",Tarun,male,0.9997238887152573,True
VIDE-LEO: A framework to measure business innovation success of SMEs,"Hallur, Giri Gundu",Giri,male,0.9909886244142518,True
Graph-based managing and mining of processes and data in the domain of intellectual property,"Hübscher, Gerd",Gerd,male,0.8598633871655845,True
Graph-based managing and mining of processes and data in the domain of intellectual property,"Geist, Verena",Verena,female,0.999996786682216,True
Graph-based managing and mining of processes and data in the domain of intellectual property,"Auer, Dagmar",Dagmar,female,0.9978924592191896,True
Graph-based managing and mining of processes and data in the domain of intellectual property,"Ekelhart, Andreas",Andreas,male,0.999975788558032,True
Graph-based managing and mining of processes and data in the domain of intellectual property,"Mayer, Rudolf",Rudolf,male,0.9999900994420161,True
Graph-based managing and mining of processes and data in the domain of intellectual property,"Nadschläger, Stefan",Stefan,male,0.9999828177008523,True
Graph-based managing and mining of processes and data in the domain of intellectual property,"Küng, Josef",Josef,male,0.9999977043375624,True
Multi-level privacy analysis of business processes: the Pleak toolset,"Dumas, Marlon",Marlon,male,0.9996458113945667,True
Multi-level privacy analysis of business processes: the Pleak toolset,"García-Bañuelos, Luciano",Luciano,male,0.9996589196440591,True
Multi-level privacy analysis of business processes: the Pleak toolset,"Jääger, Joosep",Joosep,male,0.999791312607575,True
Multi-level privacy analysis of business processes: the Pleak toolset,"Laud, Peeter",Peeter,male,0.9987141413468869,True
Multi-level privacy analysis of business processes: the Pleak toolset,"Matulevičius, Raimundas",Raimundas,male,0.9990139074940197,True
Multi-level privacy analysis of business processes: the Pleak toolset,"Pankova, Alisa",Alisa,female,0.9999960406712763,True
Multi-level privacy analysis of business processes: the Pleak toolset,"Pettai, Martin",Martin,male,0.9998514134792954,True
Multi-level privacy analysis of business processes: the Pleak toolset,"Pullonen-Raudvere, Pille",Pille,female,0.8465220309953533,True
Multi-level privacy analysis of business processes: the Pleak toolset,"Toots, Aivo",Aivo,male,0.9983537525759543,True
Multi-level privacy analysis of business processes: the Pleak toolset,"Tuuling, Reedik",Reedik,unknown,0.6938094564099404,False
Multi-level privacy analysis of business processes: the Pleak toolset,"Yerokhin, Maksym",Maksym,male,0.9998839021436755,True
Sustainable Circular Economy Strategies: An Analysis of Brazilian Corporate Sustainability Reporting,"Sanches, Julia Romano",Julia,female,0.9999893408100505,True
Sustainable Circular Economy Strategies: An Analysis of Brazilian Corporate Sustainability Reporting,"Trevisan, Adriana Hofmann",Adriana,female,0.9999969905972506,True
Sustainable Circular Economy Strategies: An Analysis of Brazilian Corporate Sustainability Reporting,"Seles, Bruno Michel Roman Pais",Bruno,male,0.9999652389475681,True
Sustainable Circular Economy Strategies: An Analysis of Brazilian Corporate Sustainability Reporting,"Castro, Camila Gonçalves",Camila,female,0.9999967637596134,True
Sustainable Circular Economy Strategies: An Analysis of Brazilian Corporate Sustainability Reporting,"Piao, Roberta Souza",Roberta,female,0.9999886292612962,True
Sustainable Circular Economy Strategies: An Analysis of Brazilian Corporate Sustainability Reporting,"Rozenfeld, Henrique",Henrique,male,0.9995494627339803,True
Sustainable Circular Economy Strategies: An Analysis of Brazilian Corporate Sustainability Reporting,"Mascarenhas, Janaina",Janaina,female,0.9999972716768215,True
BINet: Multi-perspective business process anomaly classification,"Nolle, Timo",Timo,male,0.9997404389464151,True
BINet: Multi-perspective business process anomaly classification,"Luettgen, Stefan",Stefan,male,0.9999828177008523,True
BINet: Multi-perspective business process anomaly classification,"Seeliger, Alexander",Alexander,male,0.9999913004583698,True
BINet: Multi-perspective business process anomaly classification,"Mühlhäuser, Max",Max,male,0.9999942605473708,True
Examining the PASS Approach to Process Modelling for Digitalised Manufacturing: Results from Three Industry Case Studies,"Moser, Christoph",Christoph,male,0.9996516899838754,True
Examining the PASS Approach to Process Modelling for Digitalised Manufacturing: Results from Three Industry Case Studies,"Kannengiesser, Udo",Udo,male,0.9993863254743892,True
Examining the PASS Approach to Process Modelling for Digitalised Manufacturing: Results from Three Industry Case Studies,"Elstermann, Matthes",Matthes,unknown,0.6754662998278191,False
Identifying Possible Improvements of Software Development Life Cycle (SDLC) Process of a Bank by Using Process Mining,"Taskesenlioglu, Sedat",Sedat,male,0.9998101132371162,True
Identifying Possible Improvements of Software Development Life Cycle (SDLC) Process of a Bank by Using Process Mining,"Ozkan, Necmettin",Necmettin,male,0.9939855996937198,True
Identifying Possible Improvements of Software Development Life Cycle (SDLC) Process of a Bank by Using Process Mining,"Erdogan, Tugba Gurgen",Tugba,female,0.9999803777609332,True
Semantic modeling and analysis of complex data-aware processes and their executions,"Bertoli, Piergiorgio",Piergiorgio,male,0.9992219422942272,True
Semantic modeling and analysis of complex data-aware processes and their executions,"Corcoglioniti, Francesco",Francesco,male,0.9999449415190484,True
Semantic modeling and analysis of complex data-aware processes and their executions,"Di Francescomarino, Chiara",Chiara,female,0.9999918135427956,True
Semantic modeling and analysis of complex data-aware processes and their executions,"Dragoni, Mauro",Mauro,male,0.9999639461270868,True
Semantic modeling and analysis of complex data-aware processes and their executions,"Ghidini, Chiara",Chiara,female,0.9999918135427956,True
Semantic modeling and analysis of complex data-aware processes and their executions,"Pistore, Marco",Marco,male,0.9998964214527616,True
Exogenous Shocks and Business Process Management: A Scholars’ Perspective on Challenges and Opportunities,"Röglinger, Maximilian",Maximilian,male,0.9998238213451786,True
Exogenous Shocks and Business Process Management: A Scholars’ Perspective on Challenges and Opportunities,"Plattfaut, Ralf",Ralf,male,0.9999738177966511,True
Exogenous Shocks and Business Process Management: A Scholars’ Perspective on Challenges and Opportunities,"Borghoff, Vincent",Vincent,male,0.9996829861436367,True
Exogenous Shocks and Business Process Management: A Scholars’ Perspective on Challenges and Opportunities,"Kerpedzhiev, Georgi",Georgi,unknown,0.6662054391073575,False
Exogenous Shocks and Business Process Management: A Scholars’ Perspective on Challenges and Opportunities,"Becker, Jörg",Jörg,male,0.9995939947892971,True
Exogenous Shocks and Business Process Management: A Scholars’ Perspective on Challenges and Opportunities,"Beverungen, Daniel",Daniel,male,0.9999477112991627,True
Exogenous Shocks and Business Process Management: A Scholars’ Perspective on Challenges and Opportunities,"vom Brocke, Jan",Jan,unknown,0.5504849119650672,False
Exogenous Shocks and Business Process Management: A Scholars’ Perspective on Challenges and Opportunities,"Van Looy, Amy",Amy,female,0.9999688840881918,True
Exogenous Shocks and Business Process Management: A Scholars’ Perspective on Challenges and Opportunities,"del-Río-Ortega, Adela",Adela,female,0.999990800859609,True
Exogenous Shocks and Business Process Management: A Scholars’ Perspective on Challenges and Opportunities,"Rinderle-Ma, Stefanie",Stefanie,female,0.999951936822069,True
Exogenous Shocks and Business Process Management: A Scholars’ Perspective on Challenges and Opportunities,"Rosemann, Michael",Michael,male,0.9999873909784786,True
Exogenous Shocks and Business Process Management: A Scholars’ Perspective on Challenges and Opportunities,"Santoro, Flavia Maria",Flavia,female,0.9999615517482403,True
Exogenous Shocks and Business Process Management: A Scholars’ Perspective on Challenges and Opportunities,"Trkman, Peter",Peter,male,0.9999571960707219,True
A framework for modeling and executing task-Specific resource allocations in business processes,"Ihde, Sven",Sven,male,0.9999829597136491,True
A framework for modeling and executing task-Specific resource allocations in business processes,"Pufahl, Luise",Luise,female,0.9998936197750643,True
A framework for modeling and executing task-Specific resource allocations in business processes,"Völker, Maximilian",Maximilian,male,0.9998238213451786,True
A framework for modeling and executing task-Specific resource allocations in business processes,"Goel, Asvin",Asvin,male,0.9990209406069641,True
A framework for modeling and executing task-Specific resource allocations in business processes,"Weske, Mathias",Mathias,male,0.999948038650782,True
Automation at Truveil: Business Process Understanding and Analysis in RPA Implementation,"Perdana, Arif",Arif,male,0.9999908562680327,True
Automation at Truveil: Business Process Understanding and Analysis in RPA Implementation,"Arisandi, Desi",Desi,female,0.8689312588068939,True
Experimental verification and validation of the SICN-oriented process mining algorithm and system,"Kim, Kyoung-Sook",Kyoung-Sook,unknown,0.7374284455745047,False
Experimental verification and validation of the SICN-oriented process mining algorithm and system,"Pham, Dinh-Lam",Dinh-Lam,unknown,0.633073690396378,False
Experimental verification and validation of the SICN-oriented process mining algorithm and system,"Park, Young-In",Young-In,unknown,0.6145926899375461,False
Experimental verification and validation of the SICN-oriented process mining algorithm and system,"Kim, Kwanghoon Pio",Kwanghoon,unknown,0.690362626434451,False
Model to Program and Blockchain Approaches for Business Processes and Workflows in Finance,"Kherbouche, Meriem",Meriem,female,0.9999120006213186,True
Model to Program and Blockchain Approaches for Business Processes and Workflows in Finance,"Pisoni, Galena",Galena,female,0.9999981152818144,True
Model to Program and Blockchain Approaches for Business Processes and Workflows in Finance,"Molnár, Bálint",Bálint,male,0.9867788093812618,True
Processes meet Big Data: Scaling process discovery algorithms in Big Data environment,"Hicham, Reguieg",Reguieg,unknown,0.5853480333157649,False
Processes meet Big Data: Scaling process discovery algorithms in Big Data environment,"Anis, Benallal Mohamed",Benallal,unknown,0.6185867914772317,False
Recovering Latent Data Flow from Business Process Model Automatically,"Ye, Sheng",Sheng,unknown,0.5992599068987832,False
Recovering Latent Data Flow from Business Process Model Automatically,"Wang, Jing",Jing,female,0.990305236721775,True
Recovering Latent Data Flow from Business Process Model Automatically,"Ali, Sikandar",Sikandar,male,0.9993900564443037,True
Recovering Latent Data Flow from Business Process Model Automatically,"Khattak, Hasan Ali",Hasan,male,0.9999706752604077,True
Recovering Latent Data Flow from Business Process Model Automatically,"Guo, Chenhong",Chenhong,unknown,0.5274445098481807,False
Recovering Latent Data Flow from Business Process Model Automatically,"Yang, Zhongguo",Zhongguo,male,0.9994031511572319,True
PROJECT MANAGEMENT TECHNOLOGY IN CREATING A BUSINESS PROCESS MANAGEMENT INFORMATION SYSTEM AT THE PRESENT STAGE OF DEVELOPMENT OF THE ℡ECOMMUNICATIONS SECTOR OF KAZAKHSTAN,"Ayapbergenova, Assem",Assem,unknown,0.6904881940709482,False
PROJECT MANAGEMENT TECHNOLOGY IN CREATING A BUSINESS PROCESS MANAGEMENT INFORMATION SYSTEM AT THE PRESENT STAGE OF DEVELOPMENT OF THE ℡ECOMMUNICATIONS SECTOR OF KAZAKHSTAN,"Yerimbetova, Aigerim",Aigerim,female,0.9948602770361265,True
The Five Diamond Method for Explorative Business Process Management,"Grisold, Thomas",Thomas,male,0.9999980703972479,True
The Five Diamond Method for Explorative Business Process Management,"Groß, Steven",Steven,male,0.9999938645828961,True
The Five Diamond Method for Explorative Business Process Management,"Stelzl, Katharina",Katharina,female,0.9999985016295945,True
The Five Diamond Method for Explorative Business Process Management,"vom Brocke, Jan",Jan,unknown,0.5504849119650672,False
The Five Diamond Method for Explorative Business Process Management,"Mendling, Jan",Jan,unknown,0.5504849119650672,False
The Five Diamond Method for Explorative Business Process Management,"Röglinger, Maximilian",Maximilian,male,0.9998238213451786,True
The Five Diamond Method for Explorative Business Process Management,"Rosemann, Michael",Michael,male,0.9999873909784786,True
Business process management and risk-adjusted performance in SMEs,"Gošnik, Dušan",Dušan,male,0.9991494616431182,True
Business process management and risk-adjusted performance in SMEs,"Stubelj, Igor",Igor,male,0.9999871325016193,True
Technologies of collective intelligence in the management of business processes of an organization,"Slavin, Boris B.",Boris,male,0.9999402198111599,True
Drivers and Evolution Paths of BPMS: State-of-the-Art and Future Research Directions,"Szelągowski, Marek",Marek,male,0.9999473041613848,True
Drivers and Evolution Paths of BPMS: State-of-the-Art and Future Research Directions,"Lupeikiene, Audrone",Audrone,female,0.9999528150854338,True
Drivers and Evolution Paths of BPMS: State-of-the-Art and Future Research Directions,"Berniak-Woźny, Justyna",Justyna,female,0.9999929808607716,True
A Context-Aware Architecture for Realizing Business Process Adaptation Strategies Using Fuzzy Planning,"Kord Toudeshki, Leila",Leila,female,0.999998113850843,True
A Context-Aware Architecture for Realizing Business Process Adaptation Strategies Using Fuzzy Planning,"Seyyedi, Mir Ali",Mir,male,0.9943178846447999,True
A Context-Aware Architecture for Realizing Business Process Adaptation Strategies Using Fuzzy Planning,"Salajegheh, Afshin",Afshin,male,0.9998298330670147,True
Analysing factors impacting BPMS performance: a case of a challenged technology adoption,"Seymour, Lisa F.",Lisa,female,0.9999920796870457,True
Analysing factors impacting BPMS performance: a case of a challenged technology adoption,"Koopman, Ashley",Ashley,female,0.9987793230320211,True
Towards automatic business process redesign: an NLP based approach to extract redesign suggestions,"Mustansir, Amina",Amina,female,0.9999975049995746,True
Towards automatic business process redesign: an NLP based approach to extract redesign suggestions,"Shahzad, Khurram",Khurram,male,0.9999693299205058,True
Towards automatic business process redesign: an NLP based approach to extract redesign suggestions,"Malik, Muhammad Kamran",Muhammad,male,0.9999971836173159,True
Controlling Tools Use in Business Processes Management,"Csikósová, Adriana",Adriana,female,0.9999969905972506,True
Controlling Tools Use in Business Processes Management,"Čulková, Katarína",Katarína,female,0.9999233892413663,True
Controlling Tools Use in Business Processes Management,"Janošková, Mária",Mária,female,0.9998375523075486,True
IoDEP: Towards an IoT-Data Analysis and Event Processing Architecture for Business Process Incident Management,"Ismaili-Alaoui, Abir",Abir,male,0.9823777401248015,True
IoDEP: Towards an IoT-Data Analysis and Event Processing Architecture for Business Process Incident Management,"Baina, Karim",Karim,male,0.9982261835394265,True
IoDEP: Towards an IoT-Data Analysis and Event Processing Architecture for Business Process Incident Management,"Benali, Khalid",Khalid,male,0.999949361127034,True
Power Control Based BPM with CDS Scheduling for Downlink Transmission in LTE-A Networks,"Shakir, S. Shaffath Hussain",S.,unknown,0.5266261552454428,False
Power Control Based BPM with CDS Scheduling for Downlink Transmission in LTE-A Networks,"Rajesh, A.",A.,unknown,0.5342810281499752,False
Solving reachability problems on data-aware workflows,"De Masellis, Riccardo",Riccardo,male,0.9999560019879111,True
Solving reachability problems on data-aware workflows,"Di Francescomarino, Chiara",Chiara,female,0.9999918135427956,True
Solving reachability problems on data-aware workflows,"Ghidini, Chiara",Chiara,female,0.9999918135427956,True
Solving reachability problems on data-aware workflows,"Tessaris, Sergio",Sergio,male,0.9999756892675594,True
Recommendations for visual feedback about problems within BPMN process models,"Stein Dani, Vinicius",Vinicius,male,0.9998707285752677,True
Recommendations for visual feedback about problems within BPMN process models,"Freitas, Carla Maria Dal Sasso",Carla,female,0.999996784390149,True
Recommendations for visual feedback about problems within BPMN process models,"Thom, Lucinéia Heloisa",Lucinéia,female,0.9998055404510843,True
Business Process Management Culture in Public Administration and Its Determinants,"Kregel, Ingo",Ingo,male,0.999931761435243,True
Business Process Management Culture in Public Administration and Its Determinants,"Distel, Bettina",Bettina,female,0.99999719251176,True
Business Process Management Culture in Public Administration and Its Determinants,"Coners, André",André,male,0.9937443143503205,True
Digitalizing Maritime Containers Shipping Companies: Impacts on Their Processes,"Sanchez-Gonzalez, Pedro-Luis",Pedro-Luis,unknown,0.6838599384429827,False
Digitalizing Maritime Containers Shipping Companies: Impacts on Their Processes,"Díaz-Gutiérrez, David",David,male,0.9999952028375245,True
Digitalizing Maritime Containers Shipping Companies: Impacts on Their Processes,"Núñez-Rivas, Luis R.",Luis,male,0.9999544636263329,True
Impact of Strategy Change on Business Process Management,"Bubenik, Peter",Peter,male,0.9999571960707219,True
Impact of Strategy Change on Business Process Management,"Capek, Juraj",Juraj,male,0.9999853690626084,True
Impact of Strategy Change on Business Process Management,"Rakyta, Miroslav",Miroslav,male,0.9998432457993223,True
Impact of Strategy Change on Business Process Management,"Binasova, Vladimira",Vladimira,female,0.9997632021734927,True
Impact of Strategy Change on Business Process Management,"Staffenova, Katarina",Katarina,female,0.999998529339605,True
Monitoring Constraints and Metaconstraints with Temporal Logics on Finite Traces,"De Giacomo, Giuseppe",Giuseppe,male,0.9998656437376092,True
Monitoring Constraints and Metaconstraints with Temporal Logics on Finite Traces,"De Masellis, Riccardo",Riccardo,male,0.9999560019879111,True
Monitoring Constraints and Metaconstraints with Temporal Logics on Finite Traces,"Maggi, Fabrizio Maria",Fabrizio,male,0.9999395873949303,True
Monitoring Constraints and Metaconstraints with Temporal Logics on Finite Traces,"Montali, Marco",Marco,male,0.9998964214527616,True
A projection-stable grammatical model for the distributed execution of administrative processes with emphasis on actors’ views,"Zekeng Ndadji, Milliam Maxime",Milliam,female,0.9882618588733482,True
A projection-stable grammatical model for the distributed execution of administrative processes with emphasis on actors’ views,"Tchoupé Tchendji, Maurice",Maurice,male,0.9993936234339806,True
A projection-stable grammatical model for the distributed execution of administrative processes with emphasis on actors’ views,"Tayou Djamegni, Clémentin",Clémentin,male,0.9939708387153013,True
A projection-stable grammatical model for the distributed execution of administrative processes with emphasis on actors’ views,"Parigot, Didier",Didier,male,0.9999610178838032,True
Integrating process management and event processing in smart factories: A systems architecture and use cases,"Seiger, Ronny",Ronny,male,0.9976439092588669,True
Integrating process management and event processing in smart factories: A systems architecture and use cases,"Malburg, Lukas",Lukas,male,0.9999848058845193,True
Integrating process management and event processing in smart factories: A systems architecture and use cases,"Weber, Barbara",Barbara,female,0.999979214602181,True
Integrating process management and event processing in smart factories: A systems architecture and use cases,"Bergmann, Ralph",Ralph,male,0.9997605015413181,True
A visual approach for identification and annotation of business process elements in process descriptions,"Silva Rosa, Leonardo",Leonardo,male,0.9999184146751624,True
A visual approach for identification and annotation of business process elements in process descriptions,"Soares Silva, Thanner",Thanner,unknown,0.6746640125913225,False
A visual approach for identification and annotation of business process elements in process descriptions,"Fantinato, Marcelo",Marcelo,male,0.9998735221664624,True
A visual approach for identification and annotation of business process elements in process descriptions,"Heloisa Thom, Lucineia",Lucineia,female,0.9997929220982892,True
Business process reengineering in health-care sector: application for the central sterilization unit,"Dursun, Mehtap",Mehtap,female,0.9813202091458975,True
Business process reengineering in health-care sector: application for the central sterilization unit,"Fındık, S. Sirin",S.,unknown,0.5266261552454428,False
Business process reengineering in health-care sector: application for the central sterilization unit,"Goker, Nazli",Nazli,female,0.9999893345639667,True
BPM supported model generation by contemplating key elements of information security,"Mythily, M.",M.,unknown,0.5265376348604246,False
BPM supported model generation by contemplating key elements of information security,"Saha, Sanchari",Sanchari,female,0.9970747376015243,True
BPM supported model generation by contemplating key elements of information security,"Selvam, Sudhakar",Sudhakar,male,0.9999837033993408,True
BPM supported model generation by contemplating key elements of information security,"Swamidason, Iwin Thanakumar Joseph",Iwin,unknown,0.5235115135046209,False
B2S4B: A Platform for Smart City Business Processes Management and Adaptation,"Ugljanin, Emir",Emir,male,0.9995335932347928,True
B2S4B: A Platform for Smart City Business Processes Management and Adaptation,"Stojanović, Dragan",Dragan,male,0.999987607841517,True
B2S4B: A Platform for Smart City Business Processes Management and Adaptation,"Kajan, Ejub",Ejub,male,0.9997010549192551,True
B2S4B: A Platform for Smart City Business Processes Management and Adaptation,"Maamar, Zakaria",Zakaria,male,0.9847095380844968,True
Process-Aware Accounting Information System Based on Business Process Management,"Li, Feifeng",Feifeng,female,0.9140567079442217,True
Process-Aware Accounting Information System Based on Business Process Management,"Fang, Gang",Gang,male,0.9887683088651531,True
Correlation Between Social Media and Non-Technical Business Process Management in Small and Medium Enterprises,"Handayani, Sharfina Febbi",Sharfina,female,0.9984583108914601,True
Correlation Between Social Media and Non-Technical Business Process Management in Small and Medium Enterprises,"Annisa, Lolanda Hamim",Lolanda,female,0.9999958600319161,True
Correlation Between Social Media and Non-Technical Business Process Management in Small and Medium Enterprises,"Wardati, Nanda Kurnia",Nanda,female,0.9892350396151615,True
Correlation Between Social Media and Non-Technical Business Process Management in Small and Medium Enterprises,"Putri, Rachmah Agus",Rachmah,female,0.9818532870624569,True
Using the Business Digital Simulation Game of MonsoonSIM in the Business Process Management Course for Creating Knowledge and Understanding of University Students,"Tumphasuwan, Khanita",Khanita,female,0.9987980061286204,True
Digital Transformation Model Based on Business Process Management and Lean Manufacturing to Increase the Productivity of the Administrative Area of a Peruvian Aeronautical Company,"Ladera-Mejia, Alexandra Gianella",Alexandra,female,0.9999520604841557,True
Digital Transformation Model Based on Business Process Management and Lean Manufacturing to Increase the Productivity of the Administrative Area of a Peruvian Aeronautical Company,"Pun-Gutierrez, Xiomara Stephanie",Xiomara,female,0.9999877917657973,True
Digital Transformation Model Based on Business Process Management and Lean Manufacturing to Increase the Productivity of the Administrative Area of a Peruvian Aeronautical Company,"Quiroz-Flores, Juan Carlos",Juan,male,0.9999978653311866,True
Digital Transformation Model Based on Business Process Management and Lean Manufacturing to Increase the Productivity of the Administrative Area of a Peruvian Aeronautical Company,"Flores-Perez, Alberto Enrique",Alberto,male,0.999883773371713,True
Fast Synthetic Data-Aware Log Generation for Temporal Declarative Models,"Bergami, Giacomo",Giacomo,male,0.9999689302829251,True
Smart Business Processing in Industry 4.0,"Liakos, Christos",Christos,male,0.9999384102882338,True
Smart Business Processing in Industry 4.0,"Panagopoulos, Aimilios Christos",Aimilios,male,0.9966600450118037,True
Smart Business Processing in Industry 4.0,"Karkazis, Panagiotis",Panagiotis,male,0.9999204402660712,True
Using Machine Learning to Classify Process Model Elements for Process Infrastructure Analysis,"Avila, Diego Toralles",Diego,male,0.9999722673951978,True
Using Machine Learning to Classify Process Model Elements for Process Infrastructure Analysis,"de Moura, Vitor Camargo",Vitor,male,0.999938242219967,True
Using Machine Learning to Classify Process Model Elements for Process Infrastructure Analysis,"Thom, Lucineia Heloisa",Lucineia,female,0.9997929220982892,True
Commercial Management Model based on the DFSS and BPM Methodology to Increase Liquidity in SMEs in the Retail Commercial Sector,"Quiroz-Flores, Juan Carlos",Juan,male,0.9999978653311866,True
Commercial Management Model based on the DFSS and BPM Methodology to Increase Liquidity in SMEs in the Retail Commercial Sector,"Sanchez-Jimenez, Yasmin",Yasmin,female,0.9995632749257217,True
Commercial Management Model based on the DFSS and BPM Methodology to Increase Liquidity in SMEs in the Retail Commercial Sector,"Meza-La Rosa, Catherine",Catherine,female,0.9999923564041191,True
Conceptual Framework Introducing the Success Factors for Implementing Intelligent Automation-A Qualitative Multiple Case Study,"Dirnberger-Wild, Johannes",Johannes,male,0.9999887278356387,True
Conceptual Framework Introducing the Success Factors for Implementing Intelligent Automation-A Qualitative Multiple Case Study,"Roth, Maximilian",Maximilian,male,0.9998238213451786,True
Lean Service and BPM to Increase the Efficiency of an Operational Process in the Insurance Sector,"Jacinto, Mariela",Mariela,female,0.99999889734795,True
Lean Service and BPM to Increase the Efficiency of an Operational Process in the Insurance Sector,"Rivera, Melissa",Melissa,female,0.9999950456142941,True
Lean Service and BPM to Increase the Efficiency of an Operational Process in the Insurance Sector,"Viacava, Gino",Gino,male,0.9998775510996063,True
A Framework for Quantifiable Process Improvement through Method Fragments in Situational Method Engineering,"Ogbuachi, Michael Chima",Michael,male,0.9999873909784786,True
A Framework for Quantifiable Process Improvement through Method Fragments in Situational Method Engineering,"Podder, Itilekha",Itilekha,unknown,0.6159180233055486,False
A Framework for Quantifiable Process Improvement through Method Fragments in Situational Method Engineering,"Bub, Udo",Udo,male,0.9993863254743892,True
A Framework for Quantifiable Process Improvement through Method Fragments in Situational Method Engineering,"Huseynli, Murad",Murad,male,0.999977526907688,True
Fundamental Framework for Task Mining Technology Adoption: Results from a Qualitative Empirical Study,"Dirnberger, Johannes",Johannes,male,0.9999887278356387,True
Fundamental Framework for Task Mining Technology Adoption: Results from a Qualitative Empirical Study,"Loidl, Bernadette",Bernadette,female,0.9999895392969292,True
Fundamental Framework for Task Mining Technology Adoption: Results from a Qualitative Empirical Study,"Brunner, Uwe",Uwe,male,0.9993723681134667,True
Commercial Model to Increase Sales through Mixed Methodologies in an Automotive Retailer,"Farfan-Pena, Hansell",Hansell,male,0.995994863972618,True
Commercial Model to Increase Sales through Mixed Methodologies in an Automotive Retailer,"Guibovich-Jara, Mirko",Mirko,male,0.9997269613326661,True
Commercial Model to Increase Sales through Mixed Methodologies in an Automotive Retailer,"Quiroz-Flores, Juan Carlos",Juan,male,0.9999978653311866,True
Commercial Model to Increase Sales through Mixed Methodologies in an Automotive Retailer,"Flores-Perez, Alberto",Alberto,male,0.999883773371713,True
The Implementation of Robotic Process Automation for Banking Sector Case Study of A Private Bank in Indonesia,"Susilo, Andrianto",Andrianto,male,0.982760429594573,True
The Implementation of Robotic Process Automation for Banking Sector Case Study of A Private Bank in Indonesia,"Prabowo, Harjanto",Harjanto,male,0.9660273999224362,True
The Implementation of Robotic Process Automation for Banking Sector Case Study of A Private Bank in Indonesia,"Kosasih, Wibowo",Wibowo,male,0.9913120524616127,True
The Implementation of Robotic Process Automation for Banking Sector Case Study of A Private Bank in Indonesia,"Kartono, Rano",Rano,female,0.9749262198864809,True
The Implementation of Robotic Process Automation for Banking Sector Case Study of A Private Bank in Indonesia,"Utami Tjhin, Viany",Viany,female,0.9999657301930897,True
Digital TwinCity: a holistic approach towards comparative analysis of business processes,"Saito, Shinobu",Shinobu,female,0.9900571068608139,True
The estimating index and self-organizing model based on the ant colony algorithm,"Xu, Peng",Peng,male,0.987794148873926,True
The estimating index and self-organizing model based on the ant colony algorithm,"Luan, Shu",Shu,female,0.8174134311698968,True
Integrated Lean BPM model to increase customer loyalty in a last-mile courier,"Quiroz-Flores, Juan Carlos",Juan,male,0.9999978653311866,True
Integrated Lean BPM model to increase customer loyalty in a last-mile courier,"Chuman-Bobadilla, Mauricio Alonso",Mauricio,male,0.9999066366186012,True
Integrated Lean BPM model to increase customer loyalty in a last-mile courier,"Liendo-Carrillo, Alexander Sebastian",Alexander,male,0.9999913004583698,True
Research on Test Data Management Platform of Heavy-duty Vehicle Manufacturing Enterprise Based on SOA and BPM,"JIANG, NAN",NAN,female,0.9991138495979253,True
I Will Survive: An Event-driven Conformance Checking Approach Over Process Streams,"Raun, Kristo",Kristo,male,0.9992953982396434,True
I Will Survive: An Event-driven Conformance Checking Approach Over Process Streams,"Tommasini, Riccardo",Riccardo,male,0.9999560019879111,True
I Will Survive: An Event-driven Conformance Checking Approach Over Process Streams,"Awad, Ahmed",Ahmed,male,0.9999977341795334,True
Optimizing Business Processes through Parallel Task Execution,"Varvoutas, Konstantinos",Konstantinos,male,0.9999558085455126,True
Optimizing Business Processes through Parallel Task Execution,"Kougka, Georgia",Georgia,female,0.9999481351356873,True
Optimizing Business Processes through Parallel Task Execution,"Gounaris, Anastasios",Anastasios,male,0.9999260027730631,True
A methodology to support the execution of proficiency tests for software quality assessment,"Dallilo, Felipe Diniz",Felipe,male,0.9992350889370495,True
A methodology to support the execution of proficiency tests for software quality assessment,"Delamaro, Marcio Eduardo",Marcio,male,0.9999151030062827,True
A methodology to support the execution of proficiency tests for software quality assessment,"Souza, Simone Senger",Simone,female,0.9989115818066938,True
Smart Contract Powered Framework for the Next Generation Industry 4.0 Business Model,"Stefanescu, Denis",Denis,male,0.9965813436278006,True
Smart Contract Powered Framework for the Next Generation Industry 4.0 Business Model,"Montalvillo, Leticia",Leticia,female,0.9999974190188755,True
Smart Contract Powered Framework for the Next Generation Industry 4.0 Business Model,"Urbieta, Aitor",Aitor,male,0.9999538656838859,True
Smart Contract Powered Framework for the Next Generation Industry 4.0 Business Model,"Galán-García, Patxi",Patxi,male,0.9854253838281772,True
Smart Contract Powered Framework for the Next Generation Industry 4.0 Business Model,"Unzilla Galan, Juan Jose",Juan,male,0.9999978653311866,True
Churn Analysis for Constructive Employment Using Machine Learning Classifiers,"Sharma, Pravek",Pravek,male,0.7781711013991938,True
Churn Analysis for Constructive Employment Using Machine Learning Classifiers,"Agarwal, Tushar",Tushar,male,0.9999911782533482,True
Churn Analysis for Constructive Employment Using Machine Learning Classifiers,"Chugh, Aarti",Aarti,female,0.9999853010064207,True
Churn Analysis for Constructive Employment Using Machine Learning Classifiers,"Jain, Charu",Charu,female,0.9977675473048656,True
Challenges in Scholarly Communication and Scientific Publication – Present Scenario and Opportunities through Blockchain Solutions,"Sivakumar, Eashwar",Eashwar,male,0.999607696335895,True
Challenges in Scholarly Communication and Scientific Publication – Present Scenario and Opportunities through Blockchain Solutions,"Chawla, Paras",Paras,male,0.9990902240172946,True
Challenges in Scholarly Communication and Scientific Publication – Present Scenario and Opportunities through Blockchain Solutions,"Ganesan, Geetha",Geetha,female,0.999990305470971,True
Towards a structure of a pattern language for visualising in business processes,"Blattmeier, Monika",Monika,female,0.999996989457821,True
Identifying Support for Knowledge-Intensive Processes in BPMN and its Extensions,"Nunes, Mariano de Oliveira",Mariano,male,0.9994285303002071,True
Identifying Support for Knowledge-Intensive Processes in BPMN and its Extensions,"Pillat, Raquel Mainardi",Raquel,female,0.9985335531340606,True
Identifying Support for Knowledge-Intensive Processes in BPMN and its Extensions,"Oliveira, Toacy Cavalcante de",Toacy,unknown,0.5605617146958229,False
