Author Name,First Name,Gender,Probability,Reliable,Publication_Count,Article_1,Article_2,Article_3,Article_4,Article_5,Article_6,Article_7,Article_8,Country,Correct Gender
"Weerasinghe, Kasuni",Kasuni,female,0.9955853669768552,TRUE,1,"Analysis and improvement of a construction permit approval process: A teaching case for developing business process development capabilities, targeting developing nations",$,,,,,,,New Zeland,TRUE
"Wang, Tianmei",Tianmei,female,0.96909207,TRUE,1,A Study of Interorganizational Process Refactoring Based on Inheritance Technology,$,,,,,,,United States of America,TRUE
"Mihova, Toni",Toni,female,0.9963908861976722,TRUE,1,Factors Affecting Business Process Management in the Bulgarian Enterprises to Achieve Sustainable Development,$,,,,,,,Bulgaria,TRUE
"Onggo, Bhakti S.",Bhakti,female,0.9940309388706556,TRUE,1,Enhancing model quality and scalability for mining business processes with invisible tasks in non-free choice,$,,,,,,,United Kingdom,FALSE
"Lamghari, Zineb",Zineb,female,0.9998311809485392,TRUE,2,Passage challenges from data-intensive system to knowledge-intensive system related to process mining field,A set of indicators for BPM life cycle improvement,$,,,,,,Marroco,TRUE
"Sainbuyan, Khulan",Khulan,female,0.9807685098677188,TRUE,1,"Towards automated analysis of fads and trends in information systems research: Concept, implementation and exemplary application in the context of business process management research",$,,,,,,,Germany,TRUE
"Ćukušić, Maja",Maja,female,0.9999911553938744,TRUE,2,Developing a structured approach to converging business process management and customer experience management initiatives,Conceptualizing the Convergence Model of Business Process Management and Customer Experience Management,$,,,,,,Croatia,TRUE
"Khiari, Bochra",Bochra,female,0.9883332151977652,TRUE,2,A Context Model for Individual Process Management,Towards a DSPL for Context Aware BPM,$,,,,,,Tunisia,TRUE
"Jain, Anshu",Anshu,female,0.990749304,TRUE,1,Collective problem solving using social compute units,$,,,,,,,India,TRUE
"Besembel, Isabel",Isabel,female,0.9994559215026813,TRUE,1,A process model based on Enterprise Architecture for ICT management,$,,,,,,,Venezuela,TRUE
"Scott-Parry, Tracy",Tracy,female,0.9927997803169806,TRUE,1,Improvement of airworthiness certification audits of software-centric avionics systems using a cross-discipline application lifecycle management system methodology,$,,,,,,,United States of America,TRUE
"Mazzocca, Nicola",Nicola,female,0.8823364596903346,TRUE,1,Can the Study of Trajectories Help to Extract Information from Business Processes?,$,,,,,,,Italy,FALSE
"Jagannath, Kavitha",Kavitha,female,0.999994584,TRUE,1,Exploration and Analysis of Undocumented Processes Using Heterogeneous and Unstructured Business Data,$,,,,,,,India,TRUE
"Thanh, Thuy Tran Thi",Thuy,female,0.9974650895835544,TRUE,1,Numerical Design of a 1:3 Optical Power Splitter Based on a 2×3 RI-MMI Coupler Using Silicon Waveguides for C-Band,$,,,,,,,Vietnam,TRUE
"Romero, Alejandra D",Alejandra,female,0.9999857993249032,TRUE,1,Asteroseismology of PG 1541 + 651 and BPM 31594 with TESS,$,,,,,,,Argentina,TRUE
"Allani, Olfa",Olfa,female,0.9929172824051062,TRUE,1,Verification of BPMN 2.0 Process Models: An Event Log-based Approach,$,,,,,,,Tunisia,TRUE
"Quaglini, Silvana",Silvana,female,0.999996825,TRUE,1,A framework for next generation e-health systems and services,$,,,,,,,Italy,TRUE
"Bilinkis, Julia",Julia,female,0.9999893408100504,TRUE,2,Context-Aware Enterprise Modelling towards Agile Models Development,Boosting Motivation Through Process Gamification: Evidence from Higher Education,$,,,,,,Russia,TRUE
"Filipowska, Agata",Agata,female,0.9999959543121028,TRUE,2,Organizational ontologies to support semantic business process management,Semantic Enterprise Description for the Needs of Business Process Automation,$,,,,,,Poland,TRUE
"Choi, Yongsun",Yongsun,female,0.8663995154060852,TRUE,1,API and Component Based Customization of an Open Source Business Process Management System: uEngine,$,,,,,,,South Korea,FALSE
"Lee, Sanghee",Sanghee,female,0.992672433,TRUE,1,Requirements engineering process improvement: Analyzing the organizational culture impact and implementing an empirical study to evaluate the benefits of improvement,$,,,,,,,South Korea,TRUE
"Gómez-López, María Teresa",María,female,0.9998408731018508,TRUE,6,Measuring data-centre workflows complexity through process mining: the Google cluster case,Governance knowledge management and decision support using fuzzy governance maps,Hybrid business process modeling for the optimization of outcome data,Automating correctness verification of artifact-centric business process models,Data state description for the migration to activity-centric business process model maintaining legacy databases,Extending BPMN 2.0 for modelling the combination of activities that involve data constraints,$,,Spain,TRUE
"Nurnaningsih, Desi",Desi,female,0.8689312588068939,TRUE,1,Improving Purchase to Pay Process Efficiency with RPA using Fuzzy Miner Algorithm in Process Mining,$,,,,,,,Indonesia,TRUE
"Ruiz, Mercedes",Mercedes,female,0.9995264603575394,TRUE,2,Met4ITIL: A process management and simulation-based method for implementing ITIL,Uses and applications of software and systems process engineering meta-model process models. a systematic mapping study,$,,,,,,Spain,TRUE
"Nakibayeva, Moldir",Moldir,female,0.9923589489870364,TRUE,1,Business processes and chains of Kazakhstan how do organisations start blockchain projects and evolve throughout?,$,,,,,,,Kazakhstan,TRUE
"Meyer, Britta",Britta,female,0.9999953850659278,TRUE,1,User-centric process modeling and enactment: The clavii BPM platform,$,,,,,,,Germany,TRUE
"Erbes, Jamie",Jamie,female,0.9870530365774224,TRUE,1,Evolving Social Media into Productivity Platforms,$,,,,,,,United States of America,TRUE
"Petcu, Dana",Dana,female,0.9991640173402454,TRUE,2,"Towards Cloud-enabled Business Process Management Based on Patterns, Rules and Multiple Models",Introduction to the Proceedings of the Workshop on Cloud-enabled Business Process Management (CeBPM) 2012,$,,,,,,Romania,TRUE
"Li, Qianwen",Qianwen,female,0.980841477,TRUE,1,Business-Oriented IoT-Aware Process Modeling and Execution,$,,,,,,,United States of America,TRUE
"Liu, Lu",Lu,female,0.9968039766756602,TRUE,2,The analysis method about change region of process model based on module,Analyzing method of change region in BPM based on module of Petri net,$,,,,,,United Kingdom,TRUE
"Del-Río-Ortega, Adela",Adela,female,0.999990801,TRUE,7,Measuring Performance in Knowledge-intensive Processes,Context-Aware Process Performance Indicator Prediction,Specification and automated design-time analysis of the business process human resource perspective,KPIshare: A collaborative space for BPM practitioners for full definitions and discussions on process KPIs,PPINOT tool suite: A performance management solution for process-oriented organisations,On the definition and design-time analysis of process performance indicators,Defining process performance indicators by using templates and patterns,$,Spain,TRUE
"Cui, Lizhen",Lizhen,female,0.9876757659044886,TRUE,3,Privacy-Preserving Cross-Organization Process Mining Based on Blockchain and Cryptography,A highly efficient algorithm towards optimal data storage and regeneration cost in multiple clouds,An Efficient Algorithm for Runtime Minimum Cost Data Storage and Regeneration for Business Process Management in Multiple Clouds,$,,,,,China,FALSE
"Gong, Xue",Xue,female,0.9738490518370408,TRUE,1,The design and implementation of process engine supporting absolute customization based on ITSM,$,,,,,,,Singapore,TRUE
"Kadiri, Soumaya El",Soumaya,female,0.9999923926235168,TRUE,1,Modeling business processes for PLM services integration in PLM system,$,,,,,,,Switzerland,TRUE
"Deviana, Angelica",Angelica,female,0.999996835,TRUE,1,Can Business Process Design Space Help Students Generate Innovative Process Redesign Ideas?,$,,,,,,,Indonesia,TRUE
"Poulovassilis, Alexandra",Alexandra,female,0.9999520604841556,TRUE,1,Database research challenges and opportunities of big graph data,$,,,,,,,United Kingdom,TRUE
"Lorenzo-Romero, Carlota",Carlota,female,0.9999978157056796,TRUE,1,Social networking sites as business tool: A study of user behavior,$,,,,,,,Spain,TRUE
"Fournier, Fabiana",Fabiana,female,0.9999972654407242,TRUE,5,Business artifacts with guard-stage-milestone lifecycles: managing artifact interactions with conditions and events,AI-augmented Business Process Management Systems: A Research Manifesto,Situation-Aware eXplainability for Business Processes Enabled by Complex Events,Model-informed LIME Extension for Business Process Explainability,Introducing the guard-stage-milestone approach for specifying business entity lifecycles,$,,,Israel,TRUE
"Radeschutz, Sylvia",Sylvia,female,0.9999828327471596,TRUE,1,Design-Time Process Optimization through Optimization Patterns and Process Model Matching,$,,,,,,,Germany,TRUE
"Kweon, In So",In,female,0.949785932,TRUE,1,ML-BPM: Multi-teacher Learning with Bidirectional Photometric Mixing for Open Compound Domain Adaptation in Semantic Segmentation,$,,,,,,,South Korea,FALSE
"Benzarti, Imen",Imen,female,0.974283695,TRUE,1,Towards an Agile Approach for Business Process Reengineering,$,,,,,,,Canada,TRUE
"Ponta, Serena E.",Serena,female,0.9999962616780754,TRUE,1,Assisting the deployment of security-sensitive workflows by finding execution scenarios,$,,,,,,,Germany,TRUE
